GeoCode,GeoCodeLabel,Number_of_Motor_Vehicle_Collisions,Vehicles_or_Motorists_Involved,Injury_or_Fatal_Collisions,MotoristsInjured,MotoristsKilled,PassengInjured,PassengKilled,CyclistsInjured,CyclistsKilled,PedestrInjured,PedestrKilled,Bicycle,Month
C,CITYWIDE,15977.0,31532.0,2542.0,1133.0,3.0,1299.0,3.0,115.0,1.0,902.0,6.0,159.0,January
M,MANHATTAN,3210.0,6161.0,413.0,133.0,0.0,134.0,0.0,37.0,0.0,200.0,2.0,61.0,January
001,1st Precinct,188.0,369.0,15.0,5.0,0.0,2.0,0.0,2.0,0.0,8.0,0.0,4.0,January
005,5th Precinct,160.0,309.0,24.0,14.0,0.0,5.0,0.0,1.0,0.0,13.0,0.0,3.0,January
006,6th Precinct,100.0,185.0,9.0,1.0,0.0,1.0,0.0,1.0,0.0,6.0,0.0,4.0,January
007,7th Precinct,68.0,137.0,8.0,5.0,0.0,7.0,0.0,0.0,0.0,1.0,0.0,0.0,January
009,9th Precinct,103.0,193.0,17.0,5.0,0.0,6.0,0.0,2.0,0.0,7.0,0.0,3.0,January
010,10th Precinct,193.0,373.0,13.0,4.0,0.0,4.0,0.0,1.0,0.0,6.0,0.0,2.0,January
013,13th Precinct,180.0,341.0,25.0,3.0,0.0,13.0,0.0,7.0,0.0,12.0,0.0,8.0,January
014,Midtown South Precinct,224.0,424.0,36.0,8.0,0.0,6.0,0.0,4.0,0.0,21.0,1.0,8.0,January
017,17th Precinct,248.0,475.0,29.0,4.0,0.0,13.0,0.0,2.0,0.0,15.0,0.0,3.0,January
018,Midtown North Precinct,246.0,458.0,34.0,11.0,0.0,10.0,0.0,3.0,0.0,19.0,0.0,6.0,January
019,19th Precinct,434.0,850.0,47.0,18.0,0.0,14.0,0.0,1.0,0.0,20.0,1.0,3.0,January
020,20th Precinct,135.0,258.0,16.0,4.0,0.0,2.0,0.0,2.0,0.0,9.0,0.0,3.0,January
022,Central Park Precinct,12.0,21.0,2.0,1.0,0.0,0.0,0.0,0.0,0.0,1.0,0.0,0.0,January
023,23rd Precinct,130.0,258.0,16.0,5.0,0.0,5.0,0.0,3.0,0.0,7.0,0.0,3.0,January
024,24th Precinct,101.0,188.0,17.0,4.0,0.0,7.0,0.0,1.0,0.0,9.0,0.0,1.0,January
025,25th Precinct,160.0,312.0,29.0,17.0,0.0,9.0,0.0,1.0,0.0,10.0,0.0,1.0,January
026,26th Precinct,80.0,161.0,12.0,8.0,0.0,4.0,0.0,1.0,0.0,4.0,0.0,1.0,January
028,28th Precinct,55.0,107.0,7.0,2.0,0.0,2.0,0.0,0.0,0.0,3.0,0.0,2.0,January
030,30th Precinct,59.0,113.0,6.0,3.0,0.0,4.0,0.0,1.0,0.0,1.0,0.0,1.0,January
032,32nd Precinct,97.0,178.0,19.0,4.0,0.0,6.0,0.0,3.0,0.0,10.0,0.0,3.0,January
033,33rd Precinct,113.0,218.0,12.0,3.0,0.0,6.0,0.0,0.0,0.0,6.0,0.0,1.0,January
034,34th Precinct,124.0,233.0,20.0,4.0,0.0,8.0,0.0,1.0,0.0,12.0,0.0,1.0,January
B,BRONX,2401.0,4793.0,420.0,214.0,1.0,224.0,1.0,15.0,0.0,134.0,1.0,19.0,January
040,40th Precinct,203.0,394.0,37.0,19.0,0.0,24.0,0.0,0.0,0.0,9.0,0.0,1.0,January
041,41st Precinct,144.0,271.0,29.0,15.0,1.0,11.0,0.0,2.0,0.0,8.0,0.0,2.0,January
042,42nd Precinct,100.0,185.0,17.0,4.0,0.0,7.0,0.0,2.0,0.0,8.0,0.0,3.0,January
043,43rd Precinct,239.0,478.0,48.0,30.0,0.0,18.0,1.0,1.0,0.0,18.0,0.0,3.0,January
044,44th Precinct,197.0,397.0,38.0,23.0,0.0,15.0,0.0,1.0,0.0,10.0,0.0,1.0,January
045,45th Precinct,278.0,562.0,43.0,29.0,0.0,38.0,0.0,0.0,0.0,10.0,0.0,0.0,January
046,46th Precinct,155.0,316.0,32.0,17.0,0.0,15.0,0.0,3.0,0.0,11.0,0.0,3.0,January
047,47th Precinct,297.0,614.0,55.0,29.0,0.0,28.0,0.0,0.0,0.0,17.0,1.0,0.0,January
048,48th Precinct,171.0,341.0,30.0,16.0,0.0,20.0,0.0,3.0,0.0,7.0,0.0,3.0,January
049,49th Precinct,225.0,453.0,39.0,12.0,0.0,16.0,0.0,2.0,0.0,16.0,0.0,2.0,January
050,50th Precinct,187.0,382.0,21.0,9.0,0.0,10.0,0.0,1.0,0.0,6.0,0.0,1.0,January
052,52nd Precinct,205.0,400.0,31.0,11.0,0.0,22.0,0.0,0.0,0.0,14.0,0.0,0.0,January
K,BROOKLYN,4507.0,8924.0,792.0,311.0,1.0,432.0,0.0,44.0,0.0,308.0,1.0,53.0,January
060,60th Precinct,152.0,296.0,24.0,8.0,0.0,11.0,0.0,0.0,0.0,12.0,0.0,1.0,January
061,61st Precinct,245.0,484.0,43.0,16.0,0.0,16.0,0.0,1.0,0.0,19.0,0.0,1.0,January
062,62nd Precinct,219.0,438.0,47.0,19.0,0.0,21.0,0.0,2.0,0.0,25.0,0.0,2.0,January
063,63rd Precinct,184.0,372.0,27.0,17.0,0.0,5.0,0.0,0.0,0.0,9.0,0.0,0.0,January
066,66th Precinct,260.0,501.0,40.0,5.0,1.0,10.0,0.0,4.0,0.0,25.0,1.0,5.0,January
067,67th Precinct,289.0,571.0,72.0,31.0,0.0,84.0,0.0,4.0,0.0,29.0,0.0,4.0,January
068,68th Precinct,240.0,482.0,34.0,17.0,0.0,20.0,0.0,1.0,0.0,10.0,0.0,2.0,January
069,69th Precinct,126.0,243.0,21.0,12.0,0.0,4.0,0.0,1.0,0.0,7.0,0.0,1.0,January
070,70th Precinct,238.0,465.0,54.0,12.0,0.0,22.0,0.0,5.0,0.0,29.0,0.0,5.0,January
071,71st Precinct,166.0,327.0,36.0,11.0,0.0,15.0,0.0,0.0,0.0,17.0,0.0,2.0,January
072,72nd Precinct,233.0,468.0,37.0,21.0,0.0,23.0,0.0,2.0,0.0,9.0,0.0,2.0,January
073,73rd Precinct,158.0,314.0,35.0,12.0,0.0,30.0,0.0,1.0,0.0,9.0,0.0,1.0,January
075,75th Precinct,381.0,770.0,74.0,47.0,0.0,45.0,0.0,3.0,0.0,15.0,0.0,5.0,January
076,76th Precinct,126.0,248.0,15.0,7.0,0.0,9.0,0.0,1.0,0.0,5.0,0.0,1.0,January
077,77th Precinct,161.0,318.0,41.0,8.0,0.0,22.0,0.0,3.0,0.0,16.0,0.0,3.0,January
078,78th Precinct,162.0,305.0,17.0,9.0,0.0,7.0,0.0,0.0,0.0,8.0,0.0,1.0,January
079,79th Precinct,171.0,337.0,31.0,10.0,0.0,12.0,0.0,2.0,0.0,15.0,0.0,2.0,January
081,81st Precinct,86.0,178.0,22.0,9.0,0.0,17.0,0.0,2.0,0.0,7.0,0.0,3.0,January
083,83rd Precinct,137.0,267.0,24.0,3.0,0.0,16.0,0.0,1.0,0.0,9.0,0.0,1.0,January
084,84th Precinct,216.0,420.0,27.0,10.0,0.0,9.0,0.0,3.0,0.0,10.0,0.0,3.0,January
088,88th Precinct,128.0,256.0,19.0,7.0,0.0,13.0,0.0,2.0,0.0,7.0,0.0,2.0,January
090,90th Precinct,232.0,461.0,29.0,12.0,0.0,10.0,0.0,3.0,0.0,9.0,0.0,3.0,January
094,94th Precinct,197.0,403.0,23.0,8.0,0.0,11.0,0.0,3.0,0.0,7.0,0.0,3.0,January
Q,QUEENS,4895.0,9767.0,769.0,391.0,1.0,424.0,2.0,18.0,1.0,226.0,2.0,25.0,January
100,100th Precinct,55.0,107.0,10.0,6.0,0.0,3.0,1.0,1.0,0.0,3.0,0.0,1.0,January
101,101st Precinct,80.0,149.0,16.0,5.0,1.0,11.0,0.0,0.0,0.0,7.0,0.0,0.0,January
102,102nd Precinct,288.0,577.0,53.0,20.0,0.0,38.0,0.0,2.0,0.0,18.0,0.0,2.0,January
103,103rd Precinct,260.0,515.0,49.0,19.0,0.0,31.0,0.0,0.0,0.0,20.0,1.0,0.0,January
104,104th Precinct,368.0,735.0,27.0,15.0,0.0,11.0,0.0,2.0,0.0,7.0,0.0,4.0,January
105,105th Precinct,520.0,1042.0,85.0,50.0,0.0,70.0,0.0,2.0,0.0,15.0,0.0,2.0,January
106,106th Precinct,320.0,642.0,72.0,42.0,0.0,40.0,1.0,0.0,0.0,16.0,0.0,0.0,January
107,107th Precinct,341.0,679.0,45.0,23.0,0.0,29.0,0.0,1.0,0.0,6.0,0.0,1.0,January
108,108th Precinct,408.0,815.0,62.0,40.0,0.0,30.0,0.0,0.0,0.0,18.0,0.0,0.0,January
109,109th Precinct,551.0,1098.0,76.0,34.0,0.0,30.0,0.0,2.0,0.0,28.0,1.0,2.0,January
110,110th Precinct,260.0,506.0,50.0,20.0,0.0,17.0,0.0,2.0,0.0,22.0,0.0,3.0,January
111,111th Precinct,303.0,620.0,41.0,20.0,0.0,21.0,0.0,0.0,0.0,12.0,0.0,0.0,January
112,112th Precinct,257.0,517.0,42.0,20.0,0.0,24.0,0.0,2.0,0.0,11.0,0.0,2.0,January
113,113th Precinct,243.0,494.0,41.0,24.0,0.0,29.0,0.0,0.0,0.0,9.0,0.0,0.0,January
114,114th Precinct,363.0,720.0,56.0,24.0,0.0,30.0,0.0,3.0,1.0,20.0,0.0,7.0,January
115,115th Precinct,278.0,551.0,44.0,29.0,0.0,10.0,0.0,1.0,0.0,14.0,0.0,1.0,January
S,STATEN ISLAND,964.0,1887.0,148.0,84.0,0.0,85.0,0.0,1.0,0.0,34.0,0.0,1.0,January
120,120th Precinct,233.0,453.0,39.0,14.0,0.0,27.0,0.0,1.0,0.0,12.0,0.0,1.0,January
121,121st Precinct,266.0,522.0,36.0,20.0,0.0,27.0,0.0,0.0,0.0,8.0,0.0,0.0,January
122,122nd Precinct,302.0,603.0,47.0,32.0,0.0,20.0,0.0,0.0,0.0,11.0,0.0,0.0,January
123,123rd Precinct,163.0,309.0,26.0,18.0,0.0,11.0,0.0,0.0,0.0,3.0,0.0,0.0,January
C,CITYWIDE,15599.0,30942.0,2220.0,1041.0,2.0,1122.0,2.0,81.0,0.0,735.0,11.0,112.0,February
M,MANHATTAN,3302.0,6361.0,403.0,115.0,0.0,139.0,1.0,30.0,0.0,202.0,1.0,52.0,February
001,1st Precinct,214.0,404.0,31.0,6.0,0.0,9.0,0.0,6.0,0.0,15.0,0.0,6.0,February
005,5th Precinct,160.0,311.0,18.0,3.0,0.0,2.0,0.0,0.0,0.0,14.0,1.0,0.0,February
006,6th Precinct,103.0,194.0,13.0,4.0,0.0,1.0,0.0,1.0,0.0,8.0,0.0,3.0,February
007,7th Precinct,88.0,175.0,12.0,5.0,0.0,6.0,0.0,0.0,0.0,5.0,0.0,1.0,February
009,9th Precinct,126.0,234.0,17.0,1.0,0.0,5.0,0.0,5.0,0.0,7.0,0.0,7.0,February
010,10th Precinct,215.0,422.0,12.0,3.0,0.0,4.0,1.0,2.0,0.0,6.0,0.0,3.0,February
013,13th Precinct,197.0,371.0,35.0,8.0,0.0,17.0,0.0,3.0,0.0,20.0,0.0,4.0,February
014,Midtown South Precinct,286.0,554.0,28.0,6.0,0.0,10.0,0.0,1.0,0.0,18.0,0.0,2.0,February
017,17th Precinct,205.0,397.0,29.0,3.0,0.0,12.0,0.0,3.0,0.0,14.0,0.0,4.0,February
018,Midtown North Precinct,273.0,508.0,26.0,2.0,0.0,5.0,0.0,1.0,0.0,19.0,0.0,5.0,February
019,19th Precinct,396.0,756.0,48.0,13.0,0.0,13.0,0.0,5.0,0.0,23.0,0.0,9.0,February
020,20th Precinct,150.0,294.0,6.0,2.0,0.0,2.0,0.0,0.0,0.0,3.0,0.0,2.0,February
022,Central Park Precinct,6.0,12.0,0.0,0.0,0.0,0.0,0.0,0.0,0.0,0.0,0.0,0.0,February
023,23rd Precinct,106.0,214.0,15.0,7.0,0.0,7.0,0.0,1.0,0.0,6.0,0.0,1.0,February
024,24th Precinct,103.0,192.0,17.0,6.0,0.0,13.0,0.0,1.0,0.0,7.0,0.0,3.0,February
025,25th Precinct,153.0,298.0,23.0,13.0,0.0,8.0,0.0,0.0,0.0,7.0,0.0,0.0,February
026,26th Precinct,75.0,148.0,7.0,5.0,0.0,5.0,0.0,0.0,0.0,1.0,0.0,0.0,February
028,28th Precinct,75.0,143.0,14.0,5.0,0.0,3.0,0.0,0.0,0.0,8.0,0.0,0.0,February
030,30th Precinct,53.0,102.0,5.0,1.0,0.0,0.0,0.0,0.0,0.0,4.0,0.0,1.0,February
032,32nd Precinct,84.0,166.0,15.0,5.0,0.0,4.0,0.0,0.0,0.0,8.0,0.0,0.0,February
033,33rd Precinct,114.0,232.0,13.0,7.0,0.0,4.0,0.0,1.0,0.0,3.0,0.0,1.0,February
034,34th Precinct,120.0,234.0,19.0,10.0,0.0,9.0,0.0,0.0,0.0,6.0,0.0,0.0,February
B,BRONX,2256.0,4477.0,350.0,170.0,0.0,191.0,0.0,4.0,0.0,111.0,2.0,6.0,February
040,40th Precinct,198.0,388.0,29.0,13.0,0.0,10.0,0.0,1.0,0.0,12.0,0.0,1.0,February
041,41st Precinct,103.0,201.0,11.0,3.0,0.0,5.0,0.0,0.0,0.0,6.0,0.0,0.0,February
042,42nd Precinct,104.0,205.0,13.0,5.0,0.0,10.0,0.0,0.0,0.0,3.0,0.0,0.0,February
043,43rd Precinct,229.0,475.0,38.0,20.0,0.0,19.0,0.0,1.0,0.0,6.0,0.0,2.0,February
044,44th Precinct,186.0,364.0,36.0,14.0,0.0,31.0,0.0,0.0,0.0,11.0,1.0,0.0,February
045,45th Precinct,208.0,410.0,32.0,20.0,0.0,14.0,0.0,0.0,0.0,9.0,0.0,0.0,February
046,46th Precinct,155.0,306.0,30.0,12.0,0.0,18.0,0.0,0.0,0.0,8.0,0.0,0.0,February
047,47th Precinct,290.0,574.0,43.0,21.0,0.0,25.0,0.0,0.0,0.0,15.0,0.0,0.0,February
048,48th Precinct,177.0,353.0,30.0,15.0,0.0,19.0,0.0,1.0,0.0,10.0,0.0,1.0,February
049,49th Precinct,203.0,404.0,29.0,17.0,0.0,15.0,0.0,0.0,0.0,12.0,0.0,0.0,February
050,50th Precinct,193.0,390.0,25.0,12.0,0.0,12.0,0.0,1.0,0.0,5.0,1.0,2.0,February
052,52nd Precinct,210.0,407.0,34.0,18.0,0.0,13.0,0.0,0.0,0.0,14.0,0.0,0.0,February
K,BROOKLYN,4588.0,9135.0,706.0,327.0,2.0,339.0,0.0,26.0,0.0,247.0,3.0,32.0,February
060,60th Precinct,127.0,244.0,18.0,5.0,1.0,10.0,0.0,1.0,0.0,8.0,0.0,1.0,February
061,61st Precinct,254.0,512.0,40.0,20.0,0.0,22.0,0.0,1.0,0.0,17.0,0.0,1.0,February
062,62nd Precinct,221.0,436.0,34.0,9.0,0.0,15.0,0.0,0.0,0.0,19.0,0.0,0.0,February
063,63rd Precinct,201.0,404.0,28.0,22.0,0.0,13.0,0.0,0.0,0.0,7.0,0.0,0.0,February
066,66th Precinct,276.0,551.0,45.0,19.0,0.0,14.0,0.0,3.0,0.0,19.0,1.0,3.0,February
067,67th Precinct,248.0,495.0,70.0,31.0,0.0,43.0,0.0,2.0,0.0,24.0,0.0,3.0,February
068,68th Precinct,248.0,485.0,34.0,21.0,1.0,12.0,0.0,0.0,0.0,9.0,0.0,1.0,February
069,69th Precinct,123.0,254.0,15.0,8.0,0.0,11.0,0.0,0.0,0.0,4.0,0.0,0.0,February
070,70th Precinct,238.0,470.0,47.0,18.0,0.0,20.0,0.0,3.0,0.0,21.0,0.0,3.0,February
071,71st Precinct,175.0,351.0,24.0,8.0,0.0,16.0,0.0,0.0,0.0,10.0,0.0,1.0,February
072,72nd Precinct,235.0,466.0,32.0,17.0,0.0,15.0,0.0,0.0,0.0,7.0,0.0,0.0,February
073,73rd Precinct,178.0,358.0,31.0,20.0,0.0,18.0,0.0,0.0,0.0,4.0,0.0,0.0,February
075,75th Precinct,404.0,813.0,69.0,42.0,0.0,42.0,0.0,0.0,0.0,15.0,2.0,0.0,February
076,76th Precinct,126.0,251.0,17.0,4.0,0.0,7.0,0.0,3.0,0.0,6.0,0.0,3.0,February
077,77th Precinct,148.0,304.0,18.0,6.0,0.0,14.0,0.0,1.0,0.0,5.0,0.0,1.0,February
078,78th Precinct,151.0,301.0,17.0,6.0,0.0,7.0,0.0,1.0,0.0,6.0,0.0,1.0,February
079,79th Precinct,177.0,343.0,28.0,9.0,0.0,5.0,0.0,3.0,0.0,16.0,0.0,4.0,February
081,81st Precinct,105.0,219.0,17.0,10.0,0.0,13.0,0.0,2.0,0.0,1.0,0.0,2.0,February
083,83rd Precinct,152.0,301.0,15.0,6.0,0.0,9.0,0.0,1.0,0.0,5.0,0.0,1.0,February
084,84th Precinct,234.0,454.0,34.0,8.0,0.0,12.0,0.0,2.0,0.0,15.0,0.0,2.0,February
088,88th Precinct,129.0,258.0,11.0,9.0,0.0,6.0,0.0,0.0,0.0,3.0,0.0,0.0,February
090,90th Precinct,265.0,515.0,41.0,18.0,0.0,10.0,0.0,3.0,0.0,18.0,0.0,5.0,February
094,94th Precinct,173.0,350.0,21.0,11.0,0.0,5.0,0.0,0.0,0.0,8.0,0.0,0.0,February
Q,QUEENS,4558.0,9208.0,628.0,344.0,0.0,360.0,0.0,21.0,0.0,143.0,5.0,22.0,February
100,100th Precinct,58.0,112.0,10.0,6.0,0.0,6.0,0.0,1.0,0.0,2.0,0.0,1.0,February
101,101st Precinct,80.0,160.0,14.0,10.0,0.0,11.0,0.0,0.0,0.0,4.0,0.0,0.0,February
102,102nd Precinct,292.0,605.0,41.0,24.0,0.0,29.0,0.0,1.0,0.0,7.0,0.0,1.0,February
103,103rd Precinct,230.0,449.0,33.0,17.0,0.0,11.0,0.0,1.0,0.0,13.0,0.0,1.0,February
104,104th Precinct,292.0,585.0,34.0,16.0,0.0,23.0,0.0,5.0,0.0,3.0,1.0,6.0,February
105,105th Precinct,495.0,993.0,72.0,47.0,0.0,39.0,0.0,0.0,0.0,13.0,0.0,0.0,February
106,106th Precinct,264.0,571.0,52.0,33.0,0.0,38.0,0.0,0.0,0.0,5.0,0.0,0.0,February
107,107th Precinct,262.0,542.0,29.0,17.0,0.0,24.0,0.0,0.0,0.0,6.0,0.0,0.0,February
108,108th Precinct,409.0,828.0,62.0,37.0,0.0,30.0,0.0,3.0,0.0,15.0,0.0,3.0,February
109,109th Precinct,582.0,1166.0,61.0,31.0,0.0,17.0,0.0,2.0,0.0,19.0,1.0,2.0,February
110,110th Precinct,229.0,449.0,34.0,5.0,0.0,20.0,0.0,2.0,0.0,14.0,1.0,2.0,February
111,111th Precinct,268.0,547.0,28.0,11.0,0.0,16.0,0.0,0.0,0.0,7.0,0.0,0.0,February
112,112th Precinct,216.0,430.0,27.0,20.0,0.0,13.0,0.0,0.0,0.0,7.0,0.0,0.0,February
113,113th Precinct,271.0,552.0,46.0,32.0,0.0,27.0,0.0,0.0,0.0,5.0,2.0,0.0,February
114,114th Precinct,360.0,723.0,46.0,18.0,0.0,31.0,0.0,4.0,0.0,14.0,0.0,4.0,February
115,115th Precinct,250.0,496.0,39.0,20.0,0.0,25.0,0.0,2.0,0.0,9.0,0.0,2.0,February
S,STATEN ISLAND,895.0,1761.0,133.0,85.0,0.0,93.0,1.0,0.0,0.0,32.0,0.0,0.0,February
120,120th Precinct,176.0,345.0,32.0,17.0,0.0,45.0,0.0,0.0,0.0,10.0,0.0,0.0,February
121,121st Precinct,260.0,520.0,39.0,26.0,0.0,18.0,1.0,0.0,0.0,8.0,0.0,0.0,February
122,122nd Precinct,308.0,606.0,43.0,27.0,0.0,16.0,0.0,0.0,0.0,12.0,0.0,0.0,February
123,123rd Precinct,151.0,290.0,19.0,15.0,0.0,14.0,0.0,0.0,0.0,2.0,0.0,0.0,February
C,CITYWIDE,17846.0,35360.0,2687.0,1293.0,3.0,1403.0,3.0,159.0,0.0,786.0,6.0,208.0,March
M,MANHATTAN,3823.0,7459.0,480.0,149.0,0.0,212.0,0.0,52.0,0.0,198.0,0.0,75.0,March
001,1st Precinct,265.0,515.0,22.0,8.0,0.0,11.0,0.0,2.0,0.0,9.0,0.0,3.0,March
005,5th Precinct,211.0,408.0,23.0,6.0,0.0,8.0,0.0,3.0,0.0,9.0,0.0,6.0,March
006,6th Precinct,131.0,255.0,16.0,3.0,0.0,5.0,0.0,3.0,0.0,7.0,0.0,4.0,March
007,7th Precinct,102.0,195.0,14.0,3.0,0.0,3.0,0.0,1.0,0.0,7.0,0.0,1.0,March
009,9th Precinct,127.0,246.0,18.0,5.0,0.0,5.0,0.0,5.0,0.0,5.0,0.0,5.0,March
010,10th Precinct,251.0,491.0,22.0,4.0,0.0,3.0,0.0,1.0,0.0,17.0,0.0,1.0,March
013,13th Precinct,238.0,454.0,43.0,13.0,0.0,14.0,0.0,7.0,0.0,18.0,0.0,11.0,March
014,Midtown South Precinct,272.0,529.0,34.0,5.0,0.0,14.0,0.0,5.0,0.0,16.0,0.0,5.0,March
017,17th Precinct,311.0,606.0,39.0,10.0,0.0,15.0,0.0,4.0,0.0,16.0,0.0,5.0,March
018,Midtown North Precinct,346.0,668.0,37.0,8.0,0.0,10.0,0.0,5.0,0.0,18.0,0.0,9.0,March
019,19th Precinct,414.0,821.0,41.0,21.0,0.0,15.0,0.0,2.0,0.0,16.0,0.0,5.0,March
020,20th Precinct,145.0,276.0,15.0,2.0,0.0,7.0,0.0,2.0,0.0,11.0,0.0,5.0,March
022,Central Park Precinct,11.0,23.0,3.0,1.0,0.0,2.0,0.0,0.0,0.0,0.0,0.0,0.0,March
023,23rd Precinct,115.0,230.0,13.0,4.0,0.0,5.0,0.0,1.0,0.0,4.0,0.0,1.0,March
024,24th Precinct,104.0,214.0,12.0,10.0,0.0,8.0,0.0,0.0,0.0,1.0,0.0,0.0,March
025,25th Precinct,186.0,362.0,35.0,18.0,0.0,23.0,0.0,5.0,0.0,7.0,0.0,5.0,March
026,26th Precinct,83.0,156.0,18.0,6.0,0.0,12.0,0.0,2.0,0.0,5.0,0.0,3.0,March
028,28th Precinct,67.0,133.0,11.0,6.0,0.0,16.0,0.0,1.0,0.0,3.0,0.0,1.0,March
030,30th Precinct,73.0,150.0,12.0,2.0,0.0,5.0,0.0,0.0,0.0,7.0,0.0,0.0,March
032,32nd Precinct,110.0,219.0,15.0,2.0,0.0,10.0,0.0,1.0,0.0,6.0,0.0,1.0,March
033,33rd Precinct,111.0,219.0,10.0,5.0,0.0,3.0,0.0,0.0,0.0,4.0,0.0,2.0,March
034,34th Precinct,150.0,289.0,27.0,7.0,0.0,18.0,0.0,2.0,0.0,12.0,0.0,2.0,March
B,BRONX,2549.0,5056.0,410.0,209.0,0.0,242.0,0.0,9.0,0.0,124.0,2.0,12.0,March
040,40th Precinct,232.0,456.0,33.0,17.0,0.0,29.0,0.0,0.0,0.0,6.0,0.0,0.0,March
041,41st Precinct,149.0,289.0,24.0,8.0,0.0,11.0,0.0,1.0,0.0,11.0,0.0,1.0,March
042,42nd Precinct,117.0,225.0,20.0,13.0,0.0,5.0,0.0,0.0,0.0,8.0,0.0,0.0,March
043,43rd Precinct,248.0,495.0,44.0,27.0,0.0,26.0,0.0,0.0,0.0,9.0,0.0,2.0,March
044,44th Precinct,217.0,435.0,40.0,20.0,0.0,18.0,0.0,1.0,0.0,16.0,2.0,1.0,March
045,45th Precinct,301.0,592.0,44.0,31.0,0.0,26.0,0.0,0.0,0.0,7.0,0.0,0.0,March
046,46th Precinct,166.0,332.0,23.0,6.0,0.0,13.0,0.0,2.0,0.0,9.0,0.0,2.0,March
047,47th Precinct,310.0,631.0,46.0,25.0,0.0,21.0,0.0,2.0,0.0,14.0,0.0,2.0,March
048,48th Precinct,202.0,402.0,34.0,12.0,0.0,25.0,0.0,2.0,0.0,12.0,0.0,2.0,March
049,49th Precinct,200.0,396.0,36.0,19.0,0.0,23.0,0.0,1.0,0.0,14.0,0.0,1.0,March
050,50th Precinct,200.0,403.0,32.0,19.0,0.0,26.0,0.0,0.0,0.0,5.0,0.0,0.0,March
052,52nd Precinct,207.0,400.0,34.0,12.0,0.0,19.0,0.0,0.0,0.0,13.0,0.0,1.0,March
K,BROOKLYN,5171.0,10271.0,833.0,390.0,1.0,403.0,0.0,63.0,0.0,250.0,3.0,81.0,March
060,60th Precinct,138.0,271.0,12.0,2.0,0.0,6.0,0.0,1.0,0.0,5.0,0.0,1.0,March
061,61st Precinct,338.0,673.0,57.0,33.0,0.0,24.0,0.0,6.0,0.0,11.0,0.0,7.0,March
062,62nd Precinct,199.0,400.0,32.0,12.0,0.0,18.0,0.0,1.0,0.0,12.0,1.0,1.0,March
063,63rd Precinct,194.0,394.0,33.0,22.0,1.0,14.0,0.0,0.0,0.0,7.0,0.0,0.0,March
066,66th Precinct,306.0,600.0,42.0,10.0,0.0,8.0,0.0,7.0,0.0,19.0,0.0,9.0,March
067,67th Precinct,275.0,552.0,55.0,34.0,0.0,21.0,0.0,2.0,0.0,20.0,0.0,2.0,March
068,68th Precinct,232.0,450.0,42.0,19.0,0.0,17.0,0.0,3.0,0.0,14.0,0.0,4.0,March
069,69th Precinct,158.0,307.0,34.0,27.0,0.0,25.0,0.0,0.0,0.0,8.0,0.0,0.0,March
070,70th Precinct,247.0,490.0,44.0,18.0,0.0,13.0,0.0,1.0,0.0,22.0,0.0,2.0,March
071,71st Precinct,194.0,396.0,27.0,14.0,0.0,20.0,0.0,1.0,0.0,7.0,0.0,2.0,March
072,72nd Precinct,249.0,482.0,33.0,13.0,0.0,20.0,0.0,1.0,0.0,10.0,0.0,1.0,March
073,73rd Precinct,217.0,429.0,53.0,31.0,0.0,36.0,0.0,1.0,0.0,13.0,0.0,2.0,March
075,75th Precinct,469.0,925.0,87.0,36.0,0.0,51.0,0.0,5.0,0.0,25.0,1.0,6.0,March
076,76th Precinct,147.0,305.0,10.0,7.0,0.0,6.0,0.0,1.0,0.0,0.0,0.0,1.0,March
077,77th Precinct,175.0,361.0,36.0,18.0,0.0,18.0,0.0,3.0,0.0,9.0,1.0,4.0,March
078,78th Precinct,195.0,390.0,26.0,6.0,0.0,14.0,0.0,4.0,0.0,9.0,0.0,5.0,March
079,79th Precinct,179.0,353.0,21.0,7.0,0.0,14.0,0.0,2.0,0.0,8.0,0.0,4.0,March
081,81st Precinct,121.0,239.0,33.0,15.0,0.0,19.0,0.0,3.0,0.0,8.0,0.0,3.0,March
083,83rd Precinct,172.0,334.0,32.0,11.0,0.0,16.0,0.0,1.0,0.0,10.0,0.0,2.0,March
084,84th Precinct,278.0,544.0,21.0,5.0,0.0,10.0,0.0,2.0,0.0,9.0,0.0,4.0,March
088,88th Precinct,146.0,288.0,24.0,8.0,0.0,10.0,0.0,8.0,0.0,5.0,0.0,8.0,March
090,90th Precinct,343.0,685.0,61.0,33.0,0.0,18.0,0.0,6.0,0.0,17.0,0.0,8.0,March
094,94th Precinct,199.0,403.0,18.0,9.0,0.0,5.0,0.0,4.0,0.0,2.0,0.0,5.0,March
Q,QUEENS,5289.0,10571.0,820.0,444.0,1.0,455.0,0.0,32.0,0.0,194.0,1.0,36.0,March
100,100th Precinct,61.0,113.0,11.0,6.0,0.0,9.0,0.0,1.0,0.0,2.0,0.0,1.0,March
101,101st Precinct,70.0,133.0,8.0,5.0,0.0,4.0,0.0,0.0,0.0,3.0,0.0,0.0,March
102,102nd Precinct,360.0,731.0,48.0,18.0,0.0,37.0,0.0,2.0,0.0,11.0,0.0,2.0,March
103,103rd Precinct,314.0,619.0,52.0,30.0,0.0,19.0,0.0,0.0,0.0,20.0,0.0,0.0,March
104,104th Precinct,334.0,667.0,49.0,26.0,0.0,29.0,0.0,1.0,0.0,11.0,0.0,1.0,March
105,105th Precinct,583.0,1173.0,108.0,64.0,0.0,72.0,0.0,1.0,0.0,17.0,0.0,1.0,March
106,106th Precinct,335.0,680.0,63.0,36.0,0.0,44.0,0.0,1.0,0.0,12.0,0.0,2.0,March
107,107th Precinct,363.0,749.0,56.0,28.0,0.0,31.0,0.0,2.0,0.0,16.0,0.0,2.0,March
108,108th Precinct,452.0,900.0,63.0,41.0,0.0,26.0,0.0,5.0,0.0,8.0,0.0,5.0,March
109,109th Precinct,590.0,1176.0,76.0,35.0,0.0,37.0,0.0,2.0,0.0,25.0,0.0,2.0,March
110,110th Precinct,275.0,527.0,36.0,17.0,0.0,10.0,0.0,4.0,0.0,15.0,0.0,5.0,March
111,111th Precinct,340.0,688.0,48.0,27.0,0.0,24.0,0.0,0.0,0.0,11.0,0.0,0.0,March
112,112th Precinct,244.0,491.0,30.0,18.0,0.0,23.0,0.0,3.0,0.0,6.0,0.0,3.0,March
113,113th Precinct,288.0,568.0,54.0,34.0,1.0,27.0,0.0,0.0,0.0,10.0,0.0,1.0,March
114,114th Precinct,393.0,785.0,58.0,26.0,0.0,22.0,0.0,4.0,0.0,19.0,0.0,5.0,March
115,115th Precinct,287.0,571.0,60.0,33.0,0.0,41.0,0.0,6.0,0.0,8.0,1.0,6.0,March
S,STATEN ISLAND,1014.0,2003.0,144.0,101.0,1.0,91.0,3.0,3.0,0.0,20.0,0.0,4.0,March
120,120th Precinct,193.0,388.0,27.0,17.0,0.0,17.0,0.0,0.0,0.0,7.0,0.0,0.0,March
121,121st Precinct,347.0,691.0,51.0,40.0,0.0,23.0,0.0,1.0,0.0,3.0,0.0,2.0,March
122,122nd Precinct,315.0,627.0,41.0,27.0,0.0,37.0,1.0,1.0,0.0,6.0,0.0,1.0,March
123,123rd Precinct,159.0,297.0,25.0,17.0,1.0,14.0,2.0,1.0,0.0,4.0,0.0,1.0,March
C,CITYWIDE,16671.0,33030.0,2801.0,1363.0,10.0,1519.0,2.0,300.0,2.0,691.0,5.0,383.0,April
M,MANHATTAN,4024.0,7819.0,477.0,147.0,1.0,189.0,0.0,94.0,0.0,162.0,0.0,134.0,April
001,1st Precinct,266.0,519.0,31.0,11.0,0.0,11.0,0.0,6.0,0.0,9.0,0.0,9.0,April
005,5th Precinct,214.0,409.0,25.0,3.0,0.0,9.0,0.0,8.0,0.0,8.0,0.0,10.0,April
006,6th Precinct,134.0,256.0,25.0,10.0,0.0,5.0,0.0,6.0,0.0,10.0,0.0,10.0,April
007,7th Precinct,107.0,210.0,17.0,3.0,0.0,6.0,0.0,3.0,0.0,6.0,0.0,5.0,April
009,9th Precinct,123.0,231.0,19.0,4.0,0.0,7.0,0.0,6.0,0.0,5.0,0.0,6.0,April
010,10th Precinct,261.0,512.0,14.0,3.0,0.0,9.0,0.0,5.0,0.0,2.0,0.0,5.0,April
013,13th Precinct,251.0,476.0,40.0,10.0,0.0,7.0,0.0,7.0,0.0,22.0,0.0,8.0,April
014,Midtown South Precinct,322.0,617.0,42.0,5.0,0.0,16.0,0.0,10.0,0.0,18.0,0.0,12.0,April
017,17th Precinct,289.0,559.0,25.0,9.0,0.0,11.0,0.0,2.0,0.0,10.0,0.0,6.0,April
018,Midtown North Precinct,358.0,687.0,34.0,9.0,0.0,7.0,0.0,9.0,0.0,14.0,0.0,16.0,April
019,19th Precinct,474.0,923.0,39.0,14.0,0.0,14.0,0.0,9.0,0.0,12.0,0.0,18.0,April
020,20th Precinct,182.0,354.0,20.0,4.0,0.0,15.0,0.0,5.0,0.0,5.0,0.0,5.0,April
022,Central Park Precinct,8.0,16.0,0.0,0.0,0.0,0.0,0.0,0.0,0.0,0.0,0.0,0.0,April
023,23rd Precinct,117.0,233.0,15.0,7.0,0.0,4.0,0.0,4.0,0.0,3.0,0.0,4.0,April
024,24th Precinct,116.0,226.0,14.0,5.0,0.0,3.0,0.0,2.0,0.0,5.0,0.0,4.0,April
025,25th Precinct,202.0,412.0,36.0,21.0,0.0,33.0,0.0,2.0,0.0,6.0,0.0,2.0,April
026,26th Precinct,92.0,177.0,13.0,4.0,0.0,2.0,0.0,2.0,0.0,6.0,0.0,2.0,April
028,28th Precinct,69.0,144.0,11.0,5.0,0.0,5.0,0.0,1.0,0.0,3.0,0.0,2.0,April
030,30th Precinct,73.0,137.0,12.0,3.0,0.0,6.0,0.0,3.0,0.0,2.0,0.0,4.0,April
032,32nd Precinct,120.0,239.0,15.0,9.0,1.0,7.0,0.0,0.0,0.0,3.0,0.0,0.0,April
033,33rd Precinct,117.0,234.0,11.0,1.0,0.0,5.0,0.0,2.0,0.0,6.0,0.0,2.0,April
034,34th Precinct,129.0,248.0,19.0,7.0,0.0,7.0,0.0,2.0,0.0,7.0,0.0,4.0,April
B,BRONX,2372.0,4707.0,459.0,238.0,1.0,280.0,0.0,30.0,1.0,125.0,1.0,33.0,April
040,40th Precinct,216.0,422.0,45.0,21.0,0.0,32.0,0.0,5.0,0.0,11.0,0.0,5.0,April
041,41st Precinct,107.0,212.0,16.0,9.0,0.0,6.0,0.0,2.0,0.0,4.0,0.0,3.0,April
042,42nd Precinct,108.0,217.0,26.0,6.0,0.0,17.0,0.0,1.0,0.0,11.0,0.0,1.0,April
043,43rd Precinct,273.0,543.0,60.0,33.0,0.0,32.0,0.0,1.0,0.0,20.0,0.0,2.0,April
044,44th Precinct,218.0,424.0,56.0,25.0,0.0,24.0,0.0,5.0,1.0,18.0,0.0,6.0,April
045,45th Precinct,273.0,545.0,53.0,37.0,0.0,42.0,0.0,3.0,0.0,6.0,0.0,3.0,April
046,46th Precinct,132.0,263.0,36.0,15.0,0.0,26.0,0.0,2.0,0.0,9.0,0.0,2.0,April
047,47th Precinct,273.0,550.0,43.0,25.0,1.0,25.0,0.0,3.0,0.0,10.0,0.0,3.0,April
048,48th Precinct,164.0,335.0,26.0,16.0,0.0,23.0,0.0,4.0,0.0,7.0,0.0,4.0,April
049,49th Precinct,203.0,405.0,36.0,21.0,0.0,18.0,0.0,0.0,0.0,13.0,0.0,0.0,April
050,50th Precinct,175.0,345.0,25.0,12.0,0.0,11.0,0.0,2.0,0.0,4.0,1.0,2.0,April
052,52nd Precinct,230.0,446.0,37.0,18.0,0.0,24.0,0.0,2.0,0.0,12.0,0.0,2.0,April
K,BROOKLYN,4678.0,9249.0,906.0,437.0,3.0,501.0,0.0,109.0,0.0,217.0,2.0,130.0,April
060,60th Precinct,153.0,304.0,36.0,23.0,0.0,18.0,0.0,3.0,0.0,7.0,0.0,3.0,April
061,61st Precinct,285.0,579.0,43.0,23.0,0.0,34.0,0.0,4.0,0.0,6.0,0.0,5.0,April
062,62nd Precinct,212.0,438.0,33.0,15.0,0.0,21.0,0.0,3.0,0.0,9.0,0.0,3.0,April
063,63rd Precinct,203.0,406.0,39.0,24.0,0.0,22.0,0.0,1.0,0.0,6.0,0.0,1.0,April
066,66th Precinct,255.0,475.0,59.0,18.0,0.0,14.0,0.0,13.0,0.0,26.0,0.0,17.0,April
067,67th Precinct,273.0,544.0,65.0,43.0,0.0,41.0,0.0,6.0,0.0,13.0,0.0,6.0,April
068,68th Precinct,217.0,445.0,37.0,19.0,0.0,21.0,0.0,5.0,0.0,3.0,0.0,6.0,April
069,69th Precinct,142.0,285.0,22.0,15.0,0.0,14.0,0.0,1.0,0.0,5.0,1.0,1.0,April
070,70th Precinct,244.0,480.0,49.0,22.0,0.0,28.0,0.0,9.0,0.0,12.0,0.0,9.0,April
071,71st Precinct,139.0,280.0,22.0,9.0,0.0,7.0,0.0,2.0,0.0,8.0,0.0,3.0,April
072,72nd Precinct,275.0,549.0,47.0,23.0,0.0,31.0,0.0,8.0,0.0,8.0,0.0,8.0,April
073,73rd Precinct,158.0,306.0,35.0,15.0,0.0,23.0,0.0,1.0,0.0,9.0,0.0,2.0,April
075,75th Precinct,419.0,828.0,87.0,60.0,1.0,57.0,0.0,4.0,0.0,17.0,0.0,5.0,April
076,76th Precinct,141.0,279.0,20.0,7.0,0.0,10.0,0.0,5.0,0.0,4.0,0.0,5.0,April
077,77th Precinct,151.0,299.0,36.0,10.0,1.0,16.0,0.0,1.0,0.0,13.0,0.0,2.0,April
078,78th Precinct,186.0,355.0,29.0,6.0,0.0,11.0,0.0,6.0,0.0,13.0,0.0,7.0,April
079,79th Precinct,164.0,323.0,39.0,15.0,1.0,20.0,0.0,5.0,0.0,11.0,1.0,6.0,April
081,81st Precinct,103.0,200.0,28.0,7.0,0.0,17.0,0.0,4.0,0.0,10.0,0.0,4.0,April
083,83rd Precinct,152.0,292.0,35.0,14.0,0.0,22.0,0.0,3.0,0.0,10.0,0.0,4.0,April
084,84th Precinct,239.0,473.0,32.0,16.0,0.0,16.0,0.0,2.0,0.0,4.0,0.0,4.0,April
088,88th Precinct,104.0,199.0,23.0,5.0,0.0,7.0,0.0,8.0,0.0,7.0,0.0,10.0,April
090,90th Precinct,277.0,539.0,61.0,28.0,0.0,40.0,0.0,12.0,0.0,13.0,0.0,15.0,April
094,94th Precinct,186.0,371.0,29.0,20.0,0.0,11.0,0.0,3.0,0.0,3.0,0.0,4.0,April
Q,QUEENS,4694.0,9441.0,809.0,430.0,4.0,462.0,2.0,61.0,1.0,165.0,2.0,77.0,April
100,100th Precinct,45.0,88.0,8.0,5.0,0.0,1.0,0.0,0.0,0.0,2.0,0.0,0.0,April
101,101st Precinct,57.0,108.0,14.0,10.0,0.0,0.0,0.0,1.0,0.0,5.0,0.0,1.0,April
102,102nd Precinct,290.0,579.0,37.0,14.0,0.0,31.0,0.0,2.0,0.0,9.0,0.0,3.0,April
103,103rd Precinct,249.0,488.0,51.0,26.0,0.0,12.0,0.0,1.0,0.0,17.0,0.0,1.0,April
104,104th Precinct,342.0,686.0,46.0,20.0,0.0,26.0,0.0,5.0,0.0,12.0,0.0,7.0,April
105,105th Precinct,508.0,1044.0,101.0,67.0,0.0,107.0,0.0,1.0,0.0,14.0,0.0,1.0,April
106,106th Precinct,249.0,514.0,61.0,46.0,1.0,32.0,0.0,2.0,1.0,8.0,0.0,3.0,April
107,107th Precinct,309.0,630.0,62.0,36.0,1.0,36.0,1.0,1.0,0.0,11.0,0.0,2.0,April
108,108th Precinct,411.0,820.0,76.0,41.0,0.0,23.0,0.0,11.0,0.0,12.0,0.0,14.0,April
109,109th Precinct,519.0,1029.0,64.0,33.0,1.0,34.0,1.0,8.0,0.0,14.0,0.0,8.0,April
110,110th Precinct,289.0,573.0,48.0,17.0,0.0,18.0,0.0,8.0,0.0,13.0,0.0,11.0,April
111,111th Precinct,314.0,644.0,52.0,29.0,1.0,32.0,0.0,3.0,0.0,8.0,1.0,3.0,April
112,112th Precinct,246.0,502.0,36.0,19.0,0.0,22.0,0.0,2.0,0.0,6.0,0.0,3.0,April
113,113th Precinct,254.0,519.0,52.0,27.0,0.0,40.0,0.0,2.0,0.0,7.0,1.0,2.0,April
114,114th Precinct,358.0,713.0,63.0,24.0,0.0,29.0,0.0,8.0,0.0,17.0,0.0,11.0,April
115,115th Precinct,254.0,504.0,38.0,16.0,0.0,19.0,0.0,6.0,0.0,10.0,0.0,7.0,April
S,STATEN ISLAND,903.0,1814.0,150.0,111.0,1.0,87.0,0.0,6.0,0.0,22.0,0.0,9.0,April
120,120th Precinct,183.0,359.0,24.0,10.0,0.0,13.0,0.0,3.0,0.0,6.0,0.0,3.0,April
121,121st Precinct,310.0,627.0,45.0,37.0,0.0,29.0,0.0,0.0,0.0,5.0,0.0,0.0,April
122,122nd Precinct,280.0,564.0,65.0,53.0,1.0,33.0,0.0,2.0,0.0,10.0,0.0,5.0,April
123,123rd Precinct,130.0,264.0,16.0,11.0,0.0,12.0,0.0,1.0,0.0,1.0,0.0,1.0,April
C,CITYWIDE,19119.0,37724.0,3551.0,1630.0,6.0,1879.0,4.0,471.0,1.0,791.0,17.0,611.0,May
M,MANHATTAN,4377.0,8443.0,596.0,176.0,0.0,207.0,1.0,137.0,1.0,177.0,5.0,202.0,May
001,1st Precinct,295.0,569.0,41.0,10.0,0.0,17.0,0.0,13.0,0.0,9.0,0.0,17.0,May
005,5th Precinct,243.0,473.0,26.0,4.0,0.0,7.0,0.0,6.0,0.0,11.0,0.0,11.0,May
006,6th Precinct,139.0,263.0,18.0,5.0,0.0,4.0,0.0,3.0,0.0,7.0,0.0,8.0,May
007,7th Precinct,123.0,228.0,12.0,4.0,0.0,9.0,0.0,2.0,0.0,3.0,0.0,5.0,May
009,9th Precinct,145.0,264.0,28.0,4.0,0.0,6.0,0.0,12.0,0.0,9.0,0.0,17.0,May
010,10th Precinct,266.0,530.0,16.0,5.0,0.0,6.0,0.0,4.0,0.0,3.0,1.0,4.0,May
013,13th Precinct,249.0,456.0,43.0,8.0,0.0,6.0,0.0,15.0,0.0,15.0,0.0,20.0,May
014,Midtown South Precinct,310.0,603.0,40.0,14.0,0.0,18.0,0.0,3.0,0.0,14.0,0.0,5.0,May
017,17th Precinct,312.0,607.0,37.0,11.0,0.0,7.0,0.0,10.0,0.0,12.0,0.0,13.0,May
018,Midtown North Precinct,397.0,754.0,47.0,15.0,0.0,10.0,0.0,16.0,0.0,12.0,0.0,23.0,May
019,19th Precinct,481.0,940.0,54.0,12.0,0.0,12.0,0.0,9.0,0.0,21.0,2.0,15.0,May
020,20th Precinct,185.0,354.0,20.0,7.0,0.0,9.0,0.0,7.0,0.0,3.0,0.0,13.0,May
022,Central Park Precinct,10.0,21.0,3.0,2.0,0.0,1.0,0.0,0.0,0.0,1.0,0.0,0.0,May
023,23rd Precinct,138.0,274.0,24.0,6.0,0.0,12.0,0.0,7.0,0.0,5.0,0.0,8.0,May
024,24th Precinct,119.0,229.0,19.0,10.0,0.0,9.0,0.0,5.0,0.0,3.0,0.0,5.0,May
025,25th Precinct,222.0,440.0,45.0,18.0,0.0,28.0,1.0,2.0,1.0,10.0,0.0,4.0,May
026,26th Precinct,95.0,181.0,14.0,5.0,0.0,3.0,0.0,3.0,0.0,3.0,1.0,3.0,May
028,28th Precinct,95.0,181.0,18.0,6.0,0.0,7.0,0.0,5.0,0.0,4.0,0.0,6.0,May
030,30th Precinct,89.0,172.0,15.0,5.0,0.0,7.0,0.0,5.0,0.0,1.0,0.0,10.0,May
032,32nd Precinct,119.0,216.0,29.0,10.0,0.0,9.0,0.0,5.0,0.0,10.0,1.0,7.0,May
033,33rd Precinct,162.0,324.0,21.0,6.0,0.0,8.0,0.0,2.0,0.0,9.0,0.0,5.0,May
034,34th Precinct,183.0,364.0,26.0,9.0,0.0,12.0,0.0,3.0,0.0,12.0,0.0,3.0,May
B,BRONX,2694.0,5337.0,564.0,292.0,1.0,326.0,0.0,53.0,0.0,120.0,3.0,64.0,May
040,40th Precinct,235.0,470.0,43.0,21.0,0.0,30.0,0.0,6.0,0.0,9.0,0.0,7.0,May
041,41st Precinct,150.0,285.0,20.0,9.0,0.0,5.0,0.0,2.0,0.0,6.0,0.0,2.0,May
042,42nd Precinct,133.0,266.0,29.0,11.0,0.0,16.0,0.0,2.0,0.0,7.0,0.0,5.0,May
043,43rd Precinct,315.0,616.0,62.0,32.0,0.0,40.0,0.0,4.0,0.0,14.0,1.0,5.0,May
044,44th Precinct,238.0,460.0,53.0,19.0,0.0,36.0,0.0,8.0,0.0,8.0,2.0,9.0,May
045,45th Precinct,276.0,545.0,60.0,42.0,0.0,38.0,0.0,2.0,0.0,8.0,0.0,2.0,May
046,46th Precinct,167.0,330.0,46.0,17.0,1.0,20.0,0.0,6.0,0.0,12.0,0.0,7.0,May
047,47th Precinct,310.0,629.0,79.0,44.0,0.0,56.0,0.0,4.0,0.0,13.0,0.0,4.0,May
048,48th Precinct,204.0,421.0,41.0,30.0,0.0,19.0,0.0,5.0,0.0,7.0,0.0,8.0,May
049,49th Precinct,214.0,422.0,47.0,34.0,0.0,26.0,0.0,5.0,0.0,8.0,0.0,6.0,May
050,50th Precinct,201.0,392.0,39.0,16.0,0.0,22.0,0.0,5.0,0.0,10.0,0.0,5.0,May
052,52nd Precinct,251.0,501.0,45.0,17.0,0.0,18.0,0.0,4.0,0.0,18.0,0.0,4.0,May
K,BROOKLYN,5420.0,10683.0,1138.0,467.0,3.0,618.0,1.0,178.0,0.0,282.0,6.0,222.0,May
060,60th Precinct,194.0,374.0,23.0,9.0,0.0,14.0,0.0,1.0,0.0,11.0,0.0,1.0,May
061,61st Precinct,308.0,616.0,59.0,34.0,0.0,21.0,0.0,10.0,0.0,19.0,1.0,12.0,May
062,62nd Precinct,242.0,489.0,48.0,18.0,0.0,25.0,0.0,1.0,0.0,21.0,1.0,2.0,May
063,63rd Precinct,226.0,449.0,50.0,27.0,1.0,25.0,0.0,7.0,0.0,12.0,0.0,7.0,May
066,66th Precinct,263.0,499.0,63.0,18.0,0.0,19.0,0.0,12.0,0.0,25.0,0.0,16.0,May
067,67th Precinct,309.0,621.0,81.0,41.0,0.0,49.0,0.0,8.0,0.0,15.0,1.0,7.0,May
068,68th Precinct,264.0,521.0,54.0,17.0,0.0,38.0,0.0,7.0,0.0,17.0,0.0,8.0,May
069,69th Precinct,182.0,364.0,37.0,21.0,1.0,23.0,0.0,3.0,0.0,7.0,1.0,4.0,May
070,70th Precinct,262.0,503.0,68.0,19.0,0.0,34.0,0.0,7.0,0.0,29.0,0.0,8.0,May
071,71st Precinct,195.0,390.0,31.0,9.0,0.0,17.0,0.0,3.0,0.0,13.0,0.0,7.0,May
072,72nd Precinct,297.0,593.0,62.0,22.0,0.0,25.0,0.0,7.0,0.0,21.0,1.0,8.0,May
073,73rd Precinct,215.0,419.0,52.0,21.0,0.0,35.0,0.0,9.0,0.0,9.0,1.0,12.0,May
075,75th Precinct,495.0,993.0,109.0,58.0,1.0,72.0,1.0,12.0,0.0,14.0,0.0,14.0,May
076,76th Precinct,163.0,333.0,19.0,10.0,0.0,17.0,0.0,2.0,0.0,2.0,0.0,4.0,May
077,77th Precinct,160.0,313.0,45.0,17.0,0.0,31.0,0.0,6.0,0.0,8.0,0.0,6.0,May
078,78th Precinct,202.0,385.0,29.0,8.0,0.0,21.0,0.0,7.0,0.0,5.0,0.0,10.0,May
079,79th Precinct,215.0,407.0,52.0,9.0,0.0,24.0,0.0,15.0,0.0,16.0,0.0,22.0,May
081,81st Precinct,118.0,241.0,31.0,12.0,0.0,23.0,0.0,6.0,0.0,4.0,0.0,7.0,May
083,83rd Precinct,171.0,332.0,46.0,15.0,0.0,41.0,0.0,6.0,0.0,6.0,0.0,7.0,May
084,84th Precinct,256.0,498.0,39.0,19.0,0.0,16.0,0.0,7.0,0.0,5.0,0.0,10.0,May
088,88th Precinct,187.0,358.0,46.0,22.0,0.0,14.0,0.0,16.0,0.0,6.0,0.0,19.0,May
090,90th Precinct,293.0,577.0,72.0,29.0,0.0,27.0,0.0,18.0,0.0,15.0,0.0,22.0,May
094,94th Precinct,203.0,408.0,22.0,12.0,0.0,7.0,0.0,8.0,0.0,2.0,0.0,9.0,May
Q,QUEENS,5461.0,10932.0,1048.0,568.0,0.0,608.0,2.0,93.0,0.0,175.0,3.0,113.0,May
100,100th Precinct,64.0,123.0,12.0,6.0,0.0,7.0,1.0,1.0,0.0,1.0,0.0,1.0,May
101,101st Precinct,88.0,179.0,13.0,7.0,0.0,5.0,0.0,2.0,0.0,1.0,0.0,2.0,May
102,102nd Precinct,314.0,622.0,56.0,23.0,0.0,32.0,0.0,3.0,0.0,21.0,0.0,6.0,May
103,103rd Precinct,275.0,539.0,61.0,33.0,0.0,49.0,0.0,3.0,0.0,14.0,0.0,3.0,May
104,104th Precinct,390.0,770.0,71.0,22.0,0.0,37.0,0.0,13.0,0.0,11.0,0.0,17.0,May
105,105th Precinct,619.0,1260.0,159.0,96.0,0.0,117.0,0.0,4.0,0.0,10.0,0.0,4.0,May
106,106th Precinct,357.0,747.0,79.0,55.0,0.0,51.0,1.0,9.0,0.0,4.0,1.0,10.0,May
107,107th Precinct,324.0,651.0,52.0,30.0,0.0,29.0,0.0,2.0,0.0,11.0,0.0,3.0,May
108,108th Precinct,454.0,901.0,91.0,51.0,0.0,34.0,0.0,15.0,0.0,10.0,0.0,20.0,May
109,109th Precinct,607.0,1205.0,83.0,46.0,0.0,36.0,0.0,7.0,0.0,25.0,0.0,7.0,May
110,110th Precinct,289.0,570.0,53.0,23.0,0.0,18.0,0.0,11.0,0.0,14.0,0.0,11.0,May
111,111th Precinct,394.0,818.0,48.0,27.0,0.0,38.0,0.0,2.0,0.0,4.0,0.0,2.0,May
112,112th Precinct,302.0,600.0,49.0,28.0,0.0,28.0,0.0,2.0,0.0,10.0,0.0,4.0,May
113,113th Precinct,319.0,630.0,91.0,57.0,0.0,61.0,0.0,3.0,0.0,17.0,1.0,5.0,May
114,114th Precinct,375.0,732.0,69.0,33.0,0.0,24.0,0.0,10.0,0.0,15.0,1.0,11.0,May
115,115th Precinct,290.0,585.0,61.0,31.0,0.0,42.0,0.0,6.0,0.0,7.0,0.0,7.0,May
S,STATEN ISLAND,1167.0,2329.0,205.0,127.0,2.0,120.0,0.0,10.0,0.0,37.0,0.0,10.0,May
120,120th Precinct,251.0,491.0,41.0,16.0,0.0,21.0,0.0,2.0,0.0,14.0,0.0,2.0,May
121,121st Precinct,342.0,686.0,68.0,42.0,1.0,51.0,0.0,6.0,0.0,8.0,0.0,6.0,May
122,122nd Precinct,397.0,807.0,82.0,61.0,1.0,42.0,0.0,0.0,0.0,14.0,0.0,0.0,May
123,123rd Precinct,177.0,345.0,14.0,8.0,0.0,6.0,0.0,2.0,0.0,1.0,0.0,2.0,May
C,CITYWIDE,19428.0,38334.0,3474.0,1790.0,6.0,1777.0,4.0,459.0,1.0,769.0,9.0,589.0,June
M,MANHATTAN,4384.0,8413.0,585.0,192.0,0.0,208.0,2.0,123.0,0.0,197.0,2.0,179.0,June
001,1st Precinct,304.0,576.0,39.0,13.0,0.0,5.0,0.0,7.0,0.0,16.0,0.0,9.0,June
005,5th Precinct,229.0,450.0,25.0,8.0,0.0,10.0,0.0,5.0,0.0,8.0,0.0,5.0,June
006,6th Precinct,141.0,264.0,13.0,3.0,0.0,2.0,0.0,4.0,0.0,4.0,0.0,11.0,June
007,7th Precinct,106.0,208.0,20.0,9.0,0.0,15.0,0.0,6.0,0.0,1.0,0.0,8.0,June
009,9th Precinct,129.0,239.0,28.0,11.0,0.0,10.0,0.0,7.0,0.0,8.0,0.0,8.0,June
010,10th Precinct,283.0,548.0,21.0,4.0,0.0,7.0,0.0,3.0,0.0,8.0,0.0,5.0,June
013,13th Precinct,244.0,437.0,53.0,9.0,0.0,17.0,0.0,16.0,0.0,21.0,0.0,21.0,June
014,Midtown South Precinct,341.0,648.0,35.0,3.0,0.0,3.0,0.0,8.0,0.0,22.0,0.0,9.0,June
017,17th Precinct,388.0,754.0,40.0,9.0,0.0,14.0,0.0,9.0,0.0,13.0,0.0,12.0,June
018,Midtown North Precinct,379.0,726.0,38.0,18.0,0.0,19.0,0.0,10.0,0.0,9.0,0.0,17.0,June
019,19th Precinct,469.0,907.0,57.0,22.0,0.0,19.0,1.0,9.0,0.0,20.0,1.0,15.0,June
020,20th Precinct,179.0,343.0,30.0,7.0,0.0,9.0,0.0,6.0,0.0,11.0,1.0,12.0,June
022,Central Park Precinct,11.0,20.0,2.0,1.0,0.0,0.0,0.0,1.0,0.0,0.0,0.0,1.0,June
023,23rd Precinct,153.0,310.0,19.0,11.0,0.0,8.0,0.0,3.0,0.0,6.0,0.0,4.0,June
024,24th Precinct,125.0,242.0,14.0,2.0,0.0,5.0,0.0,4.0,0.0,6.0,0.0,5.0,June
025,25th Precinct,240.0,465.0,42.0,20.0,0.0,16.0,0.0,2.0,0.0,16.0,0.0,3.0,June
026,26th Precinct,69.0,131.0,8.0,4.0,0.0,2.0,0.0,4.0,0.0,0.0,0.0,4.0,June
028,28th Precinct,77.0,146.0,16.0,6.0,0.0,12.0,0.0,5.0,0.0,2.0,0.0,7.0,June
030,30th Precinct,84.0,156.0,19.0,7.0,0.0,10.0,0.0,4.0,0.0,6.0,0.0,6.0,June
032,32nd Precinct,124.0,243.0,18.0,5.0,0.0,9.0,0.0,5.0,0.0,5.0,0.0,5.0,June
033,33rd Precinct,157.0,316.0,25.0,11.0,0.0,11.0,1.0,3.0,0.0,4.0,0.0,6.0,June
034,34th Precinct,152.0,284.0,23.0,9.0,0.0,5.0,0.0,2.0,0.0,11.0,0.0,6.0,June
B,BRONX,2807.0,5507.0,522.0,305.0,2.0,306.0,1.0,53.0,0.0,119.0,1.0,67.0,June
040,40th Precinct,269.0,519.0,54.0,29.0,0.0,32.0,0.0,8.0,0.0,11.0,0.0,11.0,June
041,41st Precinct,129.0,248.0,24.0,10.0,0.0,14.0,0.0,4.0,0.0,7.0,0.0,5.0,June
042,42nd Precinct,124.0,238.0,27.0,7.0,0.0,16.0,0.0,3.0,0.0,9.0,0.0,4.0,June
043,43rd Precinct,327.0,649.0,32.0,23.0,0.0,20.0,0.0,1.0,0.0,5.0,1.0,2.0,June
044,44th Precinct,267.0,517.0,64.0,36.0,1.0,30.0,0.0,6.0,0.0,18.0,0.0,8.0,June
045,45th Precinct,317.0,631.0,55.0,39.0,0.0,43.0,1.0,3.0,0.0,5.0,0.0,3.0,June
046,46th Precinct,199.0,387.0,36.0,19.0,0.0,19.0,0.0,4.0,0.0,10.0,0.0,6.0,June
047,47th Precinct,291.0,589.0,60.0,36.0,0.0,42.0,0.0,4.0,0.0,14.0,0.0,5.0,June
048,48th Precinct,217.0,435.0,35.0,25.0,0.0,17.0,0.0,5.0,0.0,7.0,0.0,7.0,June
049,49th Precinct,238.0,472.0,45.0,25.0,0.0,31.0,0.0,4.0,0.0,8.0,0.0,4.0,June
050,50th Precinct,180.0,349.0,32.0,26.0,1.0,20.0,0.0,4.0,0.0,4.0,0.0,5.0,June
052,52nd Precinct,249.0,473.0,58.0,30.0,0.0,22.0,0.0,7.0,0.0,21.0,0.0,7.0,June
K,BROOKLYN,5459.0,10825.0,1087.0,507.0,1.0,559.0,1.0,164.0,1.0,263.0,3.0,200.0,June
060,60th Precinct,178.0,356.0,30.0,13.0,0.0,8.0,0.0,6.0,0.0,9.0,0.0,6.0,June
061,61st Precinct,294.0,616.0,51.0,24.0,0.0,29.0,0.0,6.0,0.0,12.0,0.0,6.0,June
062,62nd Precinct,222.0,444.0,42.0,22.0,0.0,10.0,0.0,4.0,0.0,21.0,0.0,5.0,June
063,63rd Precinct,217.0,438.0,36.0,27.0,0.0,8.0,0.0,2.0,0.0,7.0,0.0,2.0,June
066,66th Precinct,287.0,551.0,67.0,21.0,0.0,16.0,0.0,18.0,0.0,21.0,0.0,20.0,June
067,67th Precinct,335.0,689.0,81.0,46.0,0.0,58.0,0.0,9.0,0.0,13.0,0.0,10.0,June
068,68th Precinct,247.0,501.0,29.0,18.0,0.0,17.0,0.0,3.0,0.0,6.0,0.0,3.0,June
069,69th Precinct,154.0,320.0,34.0,27.0,1.0,20.0,0.0,0.0,0.0,7.0,0.0,1.0,June
070,70th Precinct,268.0,539.0,57.0,30.0,0.0,37.0,0.0,11.0,1.0,11.0,0.0,14.0,June
071,71st Precinct,199.0,400.0,44.0,11.0,0.0,33.0,0.0,8.0,0.0,12.0,1.0,15.0,June
072,72nd Precinct,325.0,646.0,69.0,32.0,0.0,36.0,0.0,7.0,0.0,18.0,0.0,8.0,June
073,73rd Precinct,211.0,410.0,37.0,19.0,0.0,26.0,0.0,2.0,0.0,10.0,0.0,4.0,June
075,75th Precinct,488.0,977.0,105.0,68.0,0.0,79.0,0.0,3.0,0.0,12.0,0.0,4.0,June
076,76th Precinct,159.0,316.0,25.0,10.0,0.0,13.0,0.0,2.0,0.0,7.0,0.0,2.0,June
077,77th Precinct,177.0,345.0,42.0,12.0,0.0,24.0,1.0,7.0,0.0,15.0,1.0,11.0,June
078,78th Precinct,220.0,423.0,34.0,11.0,0.0,9.0,0.0,9.0,0.0,9.0,0.0,10.0,June
079,79th Precinct,192.0,369.0,44.0,11.0,0.0,37.0,0.0,8.0,0.0,13.0,1.0,10.0,June
081,81st Precinct,134.0,257.0,28.0,7.0,0.0,22.0,0.0,8.0,0.0,5.0,0.0,10.0,June
083,83rd Precinct,198.0,377.0,48.0,19.0,0.0,17.0,0.0,10.0,0.0,12.0,0.0,11.0,June
084,84th Precinct,311.0,610.0,50.0,21.0,0.0,23.0,0.0,6.0,0.0,11.0,0.0,8.0,June
088,88th Precinct,139.0,265.0,35.0,14.0,0.0,11.0,0.0,11.0,0.0,8.0,0.0,12.0,June
090,90th Precinct,295.0,560.0,63.0,25.0,0.0,19.0,0.0,17.0,0.0,17.0,0.0,20.0,June
094,94th Precinct,209.0,416.0,36.0,19.0,0.0,7.0,0.0,7.0,0.0,7.0,0.0,8.0,June
Q,QUEENS,5749.0,11518.0,1107.0,650.0,3.0,630.0,0.0,116.0,0.0,165.0,1.0,140.0,June
100,100th Precinct,70.0,130.0,14.0,11.0,0.0,4.0,0.0,1.0,0.0,1.0,0.0,2.0,June
101,101st Precinct,100.0,202.0,8.0,4.0,0.0,3.0,0.0,0.0,0.0,2.0,0.0,0.0,June
102,102nd Precinct,326.0,672.0,51.0,28.0,0.0,27.0,0.0,7.0,0.0,9.0,0.0,9.0,June
103,103rd Precinct,303.0,593.0,75.0,39.0,0.0,37.0,0.0,2.0,0.0,21.0,0.0,3.0,June
104,104th Precinct,379.0,762.0,63.0,34.0,0.0,32.0,0.0,11.0,0.0,11.0,0.0,13.0,June
105,105th Precinct,600.0,1214.0,143.0,93.0,1.0,93.0,0.0,6.0,0.0,13.0,0.0,6.0,June
106,106th Precinct,341.0,705.0,83.0,64.0,0.0,46.0,0.0,6.0,0.0,6.0,0.0,6.0,June
107,107th Precinct,360.0,724.0,69.0,48.0,1.0,37.0,0.0,2.0,0.0,7.0,0.0,3.0,June
108,108th Precinct,469.0,930.0,79.0,37.0,0.0,36.0,0.0,14.0,0.0,10.0,0.0,18.0,June
109,109th Precinct,659.0,1326.0,113.0,67.0,0.0,58.0,0.0,12.0,0.0,19.0,0.0,15.0,June
110,110th Precinct,302.0,586.0,61.0,30.0,0.0,25.0,0.0,8.0,0.0,17.0,0.0,10.0,June
111,111th Precinct,414.0,840.0,69.0,41.0,0.0,40.0,0.0,7.0,0.0,9.0,0.0,7.0,June
112,112th Precinct,314.0,638.0,43.0,23.0,0.0,28.0,0.0,4.0,0.0,6.0,0.0,4.0,June
113,113th Precinct,357.0,713.0,96.0,71.0,1.0,75.0,0.0,8.0,0.0,12.0,0.0,8.0,June
114,114th Precinct,445.0,886.0,72.0,30.0,0.0,57.0,0.0,13.0,0.0,12.0,1.0,17.0,June
115,115th Precinct,310.0,597.0,68.0,30.0,0.0,32.0,0.0,15.0,0.0,10.0,0.0,19.0,June
S,STATEN ISLAND,1029.0,2071.0,173.0,136.0,0.0,74.0,0.0,3.0,0.0,25.0,2.0,3.0,June
120,120th Precinct,214.0,425.0,35.0,16.0,0.0,14.0,0.0,1.0,0.0,11.0,1.0,1.0,June
121,121st Precinct,330.0,676.0,61.0,47.0,0.0,23.0,0.0,1.0,0.0,8.0,0.0,1.0,June
122,122nd Precinct,330.0,661.0,55.0,54.0,0.0,20.0,0.0,0.0,0.0,4.0,1.0,0.0,June
123,123rd Precinct,155.0,309.0,22.0,19.0,0.0,17.0,0.0,1.0,0.0,2.0,0.0,1.0,June
